uid,username,email
38289,yadira_dicki,wilbur.corkery@ruel.name
16797,zenobia.deckow,dwain@emmerich.org
89769,jamey_hoeger,annemarie@white.com
86034,dalia,olen.willms@wolf.org
62162,cecile,casey_parisian@durgan.co
78708,lyman,stanley@mckenzie.com
21730,penni_gislason,leora_vandervort@carter.com
16157,randolph_wilderman,oliver_dubuque@leuschketreutel.biz
47444,morton,humberto_hammes@bins.co
92156,lavina,monte@hermiston.name
74733,beverlee,santo@bradtkenienow.net
95713,laurena,ismael.tromp@becker.net
40384,ryan_hegmann,ellamae.hane@pacocha.biz
38726,lizzie.haley,nella.konopelski@wolff.co
71995,fletcher_parisian,minh@feest.net
15595,alonso,deandrea@lowe.org
68490,israel.block,garret.stoltenberg@goldner.info
78378,carroll_morar,adrienne@cronin.net
43193,emory.bradtke,ria@turnertorphy.info
39434,paige,jacob_weber@mayer.org
31953,soila,moon.ohara@sawayn.org
77801,adaline,terri_kuvalis@mayerward.com
86718,bill,owen_miller@bauch.name
87160,arlyne_berge,annabelle@ryankuphal.io
75128,hung_becker,genia_considine@feeneyheel.net
